name,t_Myr,x,y,z,vx,vy,vz
Group A,-25.000000000000004,-7.0077386,-3.6349545,0.02338274,-116.99277,190.8265,7.124527
Group A,-24.5,-7.0667043,-3.5369334,0.027002716,-113.62866,192.54076,7.0317163
Group A,-24.000000000000004,-7.1239448,-3.4380488,0.030572109,-110.24365,194.20456,6.926761
Group A,-23.500000000000004,-7.1794486,-3.3383262,0.034084816,-106.838425,195.81783,6.810087
Group A,-23.0,-7.2332067,-3.2377918,0.03753496,-103.41365,197.38048,6.6821213
Group A,-22.500000000000004,-7.285208,-3.136471,0.040916868,-99.97,198.89241,6.543291
Group A,-22.0,-7.3354445,-3.0343902,0.044225097,-96.508125,200.35355,6.3940225
Group A,-21.500000000000004,-7.3839054,-2.9315753,0.04745442,-93.028694,201.76382,6.23474
Group A,-21.000000000000004,-7.430583,-2.828052,0.05059982,-89.53234,203.12315,6.065865
Group A,-20.5,-7.4754686,-2.723847,0.053656504,-86.01972,204.43147,5.887816
Group A,-20.0,-7.518554,-2.618986,0.056619883,-82.491455,205.6887,5.7010074
Group A,-19.500000000000004,-7.559831,-2.5134947,0.059485584,-78.94817,206.89479,5.50585
Group A,-19.000000000000004,-7.599293,-2.4074001,0.06224944,-75.39051,208.04968,5.3027487
Group A,-18.5,-7.636932,-2.300728,0.0649075,-71.81907,209.15329,5.092106
Group A,-18.000000000000004,-7.6727414,-2.1935048,0.06745599,-68.234474,210.20557,4.8743167
Group A,-17.5,-7.706714,-2.0857565,0.06989138,-64.63732,211.20647,4.649773
Group A,-17.000000000000004,-7.738845,-1.9775097,0.0722103,-61.028225,212.15591,4.418861
Group A,-16.5,-7.769127,-1.8687905,0.07440959,-57.407772,213.05386,4.181962
Group A,-16.0,-7.7975545,-1.7596252,0.0764863,-53.77656,213.90027,3.9394531
Group A,-15.500000000000002,-7.824123,-1.6500404,0.078437634,-50.13519,214.69505,3.6917064
Group A,-15.0,-7.848827,-1.5400623,0.08026103,-46.484234,215.43817,3.439089
Group A,-14.500000000000002,-7.8716617,-1.4297174,0.08195408,-42.824284,216.1296,3.1819649
Group A,-14.0,-7.8926225,-1.3190323,0.083514564,-39.15592,216.76923,2.9206932
Group A,-13.500000000000002,-7.9117055,-1.2080332,0.08494046,-35.47972,217.35704,2.6556299
Group A,-13.000000000000002,-7.928907,-1.0967469,0.08622993,-31.796265,217.89297,2.3871276
Group A,-12.500000000000002,-7.944223,-0.9851998,0.08738129,-28.106125,218.37698,2.115536
Group A,-12.000000000000002,-7.9576507,-0.87341845,0.08839305,-24.409876,218.809,1.8412019
Group A,-11.5,-7.9691863,-0.7614295,0.0892639,-20.70809,219.18898,1.5644697
Group A,-11.0,-7.978828,-0.64925957,0.0899927,-17.00134,219.51686,1.2856826
Group A,-10.500000000000002,-7.986573,-0.5369353,0.0905785,-13.290198,219.79259,1.0051816
Group A,-10.0,-7.9924197,-0.42448342,0.09102049,-9.575235,220.01611,0.7233069
Group A,-9.500000000000002,-7.9963655,-0.31193057,0.091318056,-5.857024,220.18736,0.4403984
Group A,-9.000000000000002,-7.9984093,-0.19930354,0.09147077,-2.1361372,220.30629,0.15679531
Group A,-8.500000000000002,-7.9985495,-0.08662906,0.09147835,1.5868515,220.37283,-0.12716274
Group A,-8.0,-7.996786,0.026066022,0.09134071,5.311366,220.38693,-0.41113552
Group A,-7.5,-7.9931173,0.1387549,0.091057934,9.036829,220.34853,-0.6947817
Group A,-7.0,-7.9875436,0.2514107,0.09063026,12.762661,220.25757,-0.9777586
Group A,-6.500000000000001,-7.980065,0.36400652,0.09005814,16.48828,220.11397,-1.2597214
Group A,-6.000000000000001,-7.970681,0.47651547,0.08934216,20.2131,219.91768,-1.5403229
Group A,-5.5,-7.959393,0.5889105,0.08848312,23.936533,219.66866,-1.8192133
Group A,-5.0,-7.9462013,0.7011648,0.087481976,27.657986,219.3668,-2.0960393
Group A,-4.500000000000001,-7.931107,0.81325114,0.08633988,31.376863,219.01208,-2.3704445
Group A,-4.0,-7.914112,0.9251426,0.08505816,35.092567,218.60443,-2.642068
Group A,-3.5,-7.895218,1.0368121,0.08363834,38.804485,218.14377,-2.9105442
Group A,-3.0000000000000004,-7.874427,1.1482323,0.08208211,42.512012,217.63005,-3.1755035
Group A,-2.5,-7.8517413,1.2593764,0.08039137,46.21453,217.0632,-3.436571
Group A,-2.0,-7.8271637,1.370217,0.078568205,49.91142,216.44318,-3.6933656
Group A,-1.5000000000000002,-7.8006973,1.4807268,0.0766149,53.602047,215.7699,-3.9455016
Group A,-1.0,-7.7723455,1.5908788,0.07453395,57.285786,215.0433,-4.192586
Group A,-0.5,-7.7421117,1.7006457,0.072328016,60.961983,214.26337,-4.434221
Group A,0.0,-7.71,1.81,0.07,64.63,213.43,-4.67
Group B,-25.000000000000004,-6.8647466,-3.7363582,-0.06215486,-131.11404,188.56035,6.2156134
Group B,-24.5,-6.9309344,-3.6394746,-0.058921896,-127.75343,190.35712,6.427249
Group B,-24.000000000000004,-6.995398,-3.541686,-0.055583477,-124.37167,192.10095,6.6279926
Group B,-23.500000000000004,-7.0581274,-3.4430194,-0.05214527,-120.96957,193.79184,6.8174787
Group B,-23.0,-7.119112,-3.3435013,-0.048613124,-117.54792,195.42976,6.995346
Group B,-22.500000000000004,-7.1783423,-3.2431595,-0.04499307,-114.10753,197.01472,7.1612377
Group B,-22.0,-7.2358084,-3.1420207,-0.041291323,-110.64916,198.54672,7.3148017
Group B,-21.500000000000004,-7.291502,-3.040112,-0.037514277,-107.17361,200.02577,7.455692
Group B,-21.000000000000004,-7.3454137,-2.9374604,-0.033668496,-103.68162,201.45187,7.583567
Group B,-20.5,-7.397536,-2.834093,-0.029760726,-100.17396,202.82506,7.6980953
Group B,-20.0,-7.4478602,-2.7300372,-0.025797874,-96.65137,204.14537,7.7989507
Group B,-19.500000000000004,-7.4963803,-2.6253197,-0.021787012,-93.11458,205.4128,7.8858166
Group B,-19.000000000000004,-7.543088,-2.5199676,-0.017735371,-89.56433,206.62743,7.958388
Group B,-18.5,-7.5879765,-2.414008,-0.01365034,-86.00134,207.78926,8.016369
Group B,-18.000000000000004,-7.6310406,-2.3074675,-0.0095394505,-82.42632,208.89838,8.059478
Group B,-17.5,-7.672273,-2.2003734,-0.005410376,-78.83997,209.9548,8.087447
Group B,-17.000000000000004,-7.7116694,-2.0927527,-0.001270924,-75.243004,210.9586,8.100026
Group B,-16.5,-7.7492237,-1.984632,0.0028709783,-71.636086,211.90984,8.097015
Group B,-16.0,-7.784931,-1.8760384,0.007007383,-68.01992,212.80856,8.078588
Group B,-15.500000000000002,-7.818787,-1.7669985,0.011130508,-64.39516,213.65485,8.045145
Group B,-15.0,-7.8507876,-1.6575394,0.015232781,-60.76248,214.44878,7.997103
Group B,-14.500000000000002,-7.8809285,-1.5476876,0.019306844,-57.122536,215.1904,7.9348865
Group B,-14.0,-7.909207,-1.43747,0.023345562,-53.47598,215.87979,7.858927
Group B,-13.500000000000002,-7.9356184,-1.3269131,0.027342016,-49.823444,216.51704,7.7696605
Group B,-13.000000000000002,-7.9601607,-1.2160437,0.031289514,-46.165565,217.10223,7.6675267
Group B,-12.500000000000002,-7.982832,-1.1048884,0.035181586,-42.502975,217.63542,7.5529656
Group B,-12.000000000000002,-8.003629,-0.99347365,0.039011996,-38.83629,218.11671,7.4264183
Group B,-11.5,-8.02255,-0.8818261,0.042774726,-35.166122,218.54619,7.2883244
Group B,-11.0,-8.039593,-0.76997215,0.046463978,-31.493074,218.92392,7.1391196
Group B,-10.500000000000002,-8.054757,-0.65793824,0.050074186,-27.817749,219.25,6.979239
Group B,-10.0,-8.068043,-0.5457508,0.0536,-24.140741,219.52452,6.8091116
Group B,-9.500000000000002,-8.079447,-0.4334361,0.05703629,-20.462635,219.74757,6.6291637
Group B,-9.000000000000002,-8.088969,-0.3210205,0.06037814,-16.784016,219.91924,6.4398155
Group B,-8.500000000000002,-8.096612,-0.20853026,0.06362085,-13.10546,220.03958,6.241482
Group B,-8.0,-8.102373,-0.09599157,0.06675994,-9.427539,220.10873,6.0345726
Group B,-7.5,-8.106254,0.016569411,0.0697911,-5.7508197,220.12675,5.819491
Group B,-7.0,-8.108254,0.12912655,0.07271028,-2.075867,220.09373,5.596636
Group B,-6.500000000000001,-8.108377,0.24165379,0.0755136,1.5967609,220.00977,5.366398
Group B,-6.000000000000001,-8.106622,0.35412505,0.07819738,5.266508,219.87494,5.129164
Group B,-5.5,-8.102991,0.4665144,0.08075815,8.932821,219.68932,4.885315
Group B,-5.0,-8.097487,0.57879585,0.0831926,12.595153,219.45302,4.6352243
Group B,-4.500000000000001,-8.090111,0.69094354,0.085497655,16.252954,219.1661,4.379262
Group B,-4.0,-8.080866,0.8029316,0.0876704,19.905682,218.82867,4.117792
Group B,-3.5,-8.069755,0.9147342,0.089708105,23.552794,218.44078,3.8511739
Group B,-3.0000000000000004,-8.056779,1.0263256,0.091608234,27.193748,218.00255,3.579762
Group B,-2.5,-8.041944,1.13768,0.093368426,30.828005,217.51402,3.303907
Group B,-2.0,-8.025252,1.2487718,0.09498649,34.45503,216.97531,3.0239553
Group B,-1.5000000000000002,-8.006707,1.3595753,0.096460424,38.074276,216.38647,2.74025
Group B,-1.0,-7.9863143,1.4700648,0.0977884,41.68521,215.74759,2.4531312
Group B,-0.5,-7.964077,1.5802149,0.09896875,45.2873,215.05873,2.1629362
Group B,0.0,-7.94,1.69,0.1,48.88,214.32,1.87
Group C,-25.000000000000004,-6.979328,-3.710487,0.009983588,-123.56012,186.87091,2.445194
Group C,-24.5,-7.041658,-3.6144805,0.01122386,-120.21814,188.61687,2.4049635
Group C,-24.000000000000004,-7.1022735,-3.5175943,0.0124424305,-116.855934,190.31227,2.360341
Group C,-23.500000000000004,-7.1611648,-3.419854,0.013637089,-113.474205,191.95709,2.31146
Group C,-23.0,-7.218322,-3.3212857,0.014805692,-110.07362,193.55132,2.2584574
Group C,-22.500000000000004,-7.2737355,-3.221915,0.015946168,-106.65488,195.0949,2.201474
Group C,-22.0,-7.3273964,-3.1217678,0.017056517,-103.21861,196.58784,2.1406531
Group C,-21.500000000000004,-7.379296,-3.0208704,0.018134816,-99.7655,198.03014,2.0761418
Group C,-21.000000000000004,-7.4294252,-2.9192483,0.019179214,-96.296196,199.42177,2.008089
Group C,-20.5,-7.4777765,-2.8169274,0.02018794,-92.811325,200.76273,1.9366463
Group C,-20.0,-7.524342,-2.713934,0.021159299,-89.31152,202.05301,1.861967
Group C,-19.500000000000004,-7.569114,-2.6102936,0.022091676,-85.797424,203.29263,1.7842062
Group C,-19.000000000000004,-7.6120863,-2.5060322,0.022983532,-82.26963,204.48157,1.7035203
Group C,-18.5,-7.6532507,-2.401176,0.023833418,-78.72876,205.61983,1.6200672
Group C,-18.000000000000004,-7.692601,-2.2957506,0.024639955,-75.17542,206.7074,1.5340061
Group C,-17.5,-7.7301316,-2.189782,0.025401851,-71.61021,207.74432,1.4454964
Group C,-17.000000000000004,-7.765836,-2.083296,0.026117895,-68.0337,208.73056,1.3546991
Group C,-16.5,-7.799709,-1.9763187,0.026786959,-64.4465,209.66614,1.2617751
Group C,-16.0,-7.8317447,-1.8688761,0.027407996,-60.84918,210.55106,1.1668863
Group C,-15.500000000000002,-7.8619385,-1.7609938,0.027980043,-57.242313,211.3853,1.0701948
Group C,-15.0,-7.8902855,-1.6526979,0.02850222,-53.626472,212.1689,0.9718628
Group C,-14.500000000000002,-7.9167814,-1.5440142,0.02897373,-50.002216,212.90186,0.8720529
Group C,-14.0,-7.941422,-1.4349687,0.029393857,-46.370113,213.58415,0.7709277
Group C,-13.500000000000002,-7.964204,-1.3255873,0.029761972,-42.730717,214.2158,0.66865003
Group C,-13.000000000000002,-7.985122,-1.2158958,0.030077526,-39.08458,214.79681,0.5653824
Group C,-12.500000000000002,-8.004175,-1.1059201,0.030340055,-35.43225,215.32718,0.46128753
Group C,-12.000000000000002,-8.0213585,-0.9956861,0.030549178,-31.774275,215.80688,0.35652784
Group C,-11.5,-8.03667,-0.8852199,0.030704597,-28.1112,216.23595,0.25126567
Group C,-11.0,-8.050107,-0.77454716,0.030806093,-24.443567,216.61436,0.1456632
Group C,-10.500000000000002,-8.061668,-0.66369385,0.030853538,-20.771915,216.94212,0.039882317
Group C,-10.0,-8.071351,-0.5526859,0.030846879,-17.09678,217.21922,-0.06591533
Group C,-9.500000000000002,-8.079153,-0.44154924,0.03078615,-13.418701,217.44565,-0.17156835
Group C,-9.000000000000002,-8.085073,-0.33030975,0.030671466,-9.738212,217.62138,-0.27691564
Group C,-8.500000000000002,-8.089112,-0.21899334,0.030503023,-6.0558467,217.74644,-0.38179642
Group C,-8.0,-8.091267,-0.10762594,0.030281104,-2.3721414,217.82082,-0.48605034
Group C,-7.5,-8.091537,0.0037665174,0.030006068,1.3123709,217.84445,-0.58951735
Group C,-7.0,-8.089925,0.115158096,0.029678358,4.997155,217.81737,-0.6920379
Group C,-6.500000000000001,-8.086427,0.22652285,0.029298497,8.681677,217.73955,-0.79345286
Group C,-6.000000000000001,-8.081046,0.33783484,0.028867096,12.365399,217.61096,-0.89360356
Group C,-5.5,-8.073781,0.44906807,0.02838484,16.047787,217.43158,-0.992332
Group C,-5.0,-8.064634,0.5601966,0.027852494,19.728298,217.20142,-1.0894805
Group C,-4.500000000000001,-8.053605,0.67119443,0.027270908,23.406395,216.92041,-1.1848924
Group C,-4.0,-8.040696,0.7820356,0.02664101,27.081533,216.58856,-1.2784115
Group C,-3.5,-8.025909,0.89269406,0.025963807,30.753166,216.20584,-1.3698825
Group C,-3.0000000000000004,-8.009245,1.0031438,0.025240386,34.42075,215.77222,-1.4591508
Group C,-2.5,-7.9907074,1.1133587,0.024471914,38.08373,215.28767,-1.5460633
Group C,-2.0,-7.9702973,1.2233129,0.023659633,41.741547,214.75217,-1.6304674
Group C,-1.5000000000000002,-7.9480186,1.3329802,0.022804864,45.39365,214.16568,-1.7122121
Group C,-1.0,-7.923874,1.4423345,0.021909008,49.039474,213.52817,-1.7911477
Group C,-0.5,-7.8978662,1.5513499,0.020973535,52.678448,212.83963,-1.8671257
Group C,0.0,-7.87,1.66,0.02,56.31,212.1,-1.94
Group D,-25.000000000000004,-6.9151545,-3.7760704,0.036356676,-122.82265,200.66353,5.2014074
Group D,-24.5,-6.9771094,-3.6730003,0.038982116,-119.488556,202.4513,5.065688
Group D,-24.000000000000004,-7.037353,-3.5690296,0.041536022,-116.13021,204.18674,4.9217143
Group D,-23.500000000000004,-7.0958734,-3.4641845,0.044014275,-112.748436,205.86964,4.769844
Group D,-23.0,-7.152659,-3.3584926,0.046412926,-109.34403,207.49979,4.610437
Group D,-22.500000000000004,-7.2076974,-3.2519805,0.048728213,-105.91781,209.07698,4.4438524
Group D,-22.0,-7.2609787,-3.1446757,0.05095656,-102.47056,210.60103,4.2704506
Group D,-21.500000000000004,-7.3124924,-3.036605,0.053094566,-99.0031,212.07175,4.0905895
Group D,-21.000000000000004,-7.3622274,-2.927796,0.055139024,-95.51621,213.48897,3.904627
Group D,-20.5,-7.410175,-2.818276,0.057086904,-92.0107,214.85252,3.7129197
Group D,-20.0,-7.456325,-2.7080722,0.058935363,-88.487335,216.16228,3.5158217
Group D,-19.500000000000004,-7.500669,-2.5972128,0.06068173,-84.94693,217.41808,3.3136861
Group D,-19.000000000000004,-7.5431986,-2.485725,0.062323518,-81.39026,218.61978,3.1068633
Group D,-18.5,-7.5839057,-2.3736362,0.06385842,-77.81809,219.7673,2.895702
Group D,-18.000000000000004,-7.6227818,-2.260975,0.06528431,-74.231224,220.86049,2.680548
Group D,-17.5,-7.6598206,-2.1477685,0.066599235,-70.63042,221.89926,2.4617457
Group D,-17.000000000000004,-7.6950145,-2.0340447,0.06780141,-67.01646,222.88351,2.2396364
Group D,-16.5,-7.7283573,-1.9198315,0.06888924,-63.39009,223.81316,2.0145595
Group D,-16.0,-7.7598424,-1.805157,0.069861285,-59.7521,224.68811,1.7868518
Group D,-15.500000000000002,-7.7894645,-1.690049,0.070716284,-56.103245,225.50832,1.5568479
Group D,-15.0,-7.8172183,-1.5745357,0.07145316,-52.444286,226.2737,1.3248808
Group D,-14.500000000000002,-7.8430986,-1.458645,0.072070986,-48.775978,226.9842,1.0912807
Group D,-14.0,-7.8671007,-1.3424051,0.072569005,-45.099075,227.63979,0.8563763
Group D,-13.500000000000002,-7.8892207,-1.2258439,0.072946645,-41.41433,228.24039,0.62049437
Group D,-13.000000000000002,-7.909455,-1.1089897,0.07320348,-37.722496,228.786,0.38395998
Group D,-12.500000000000002,-7.9277987,-0.9918705,0.07333927,-34.024315,229.27658,0.14709672
Group D,-12.000000000000002,-7.9442506,-0.8745146,0.07335392,-30.320538,229.7121,-0.08977323
Group D,-11.5,-7.9588075,-0.75695,0.073247515,-26.611904,230.09256,-0.3263289
Group D,-11.0,-7.9714665,-0.639205,0.07302029,-22.899155,230.41795,-0.56225044
Group D,-10.500000000000002,-7.982226,-0.5213076,0.07267265,-19.18303,230.68828,-0.7972189
Group D,-10.0,-7.9910846,-0.4032861,0.07220518,-15.464266,230.90353,-1.0309161
Group D,-9.500000000000002,-7.998041,-0.2851686,0.07161859,-11.7436,231.06375,-1.2630246
Group D,-9.000000000000002,-8.003095,-0.16698325,0.070913784,-8.021766,231.16891,-1.4932272
Group D,-8.500000000000002,-8.006246,-0.048758175,0.07009182,-4.299496,231.21909,-1.7212073
Group D,-8.0,-8.007492,0.06947849,0.06915392,-0.5775222,231.21426,-1.9466484
Group D,-7.5,-8.006836,0.18769865,0.06810144,3.1434252,231.15451,-2.169234
Group D,-7.0,-8.004277,0.3058742,0.06693595,6.862617,231.03986,-2.3886478
Group D,-6.500000000000001,-7.999818,0.4239771,0.065659136,10.579325,230.87036,-2.6045735
Group D,-6.000000000000001,-7.9934587,0.5419793,0.064272866,14.292821,230.64609,-2.8166945
Group D,-5.5,-7.9852014,0.65985286,0.062779166,18.002378,230.36707,-3.024694
Group D,-5.0,-7.975048,0.7775698,0.061180223,21.70727,230.0334,-3.228255
Group D,-4.500000000000001,-7.9630017,0.895102,0.05947839,25.40677,229.64514,-3.4270606
Group D,-4.0,-7.949065,1.0124218,0.05767618,29.100155,229.20238,-3.6207936
Group D,-3.5,-7.933242,1.1295013,0.055776272,32.786697,228.7052,-3.8091362
Group D,-3.0000000000000004,-7.915535,1.2463127,0.053781494,36.465675,228.1537,-3.9917715
Group D,-2.5,-7.8959494,1.3628283,0.051694855,40.136356,227.54799,-4.168382
Group D,-2.0,-7.8744884,1.4790201,0.049519513,43.798023,226.88815,-4.338651
Group D,-1.5000000000000002,-7.851158,1.5948608,0.04725879,47.449944,226.17432,-4.502262
Group D,-1.0,-7.8259625,1.7103227,0.04491617,51.0914,225.40659,-4.6589003
Group D,-0.5,-7.7989078,1.8253783,0.042495307,54.72166,224.5851,-4.8082504
Group D,0.0,-7.77,1.94,0.04,58.34,223.71,-4.95
Group E,-25.000000000000004,-6.796844,-4.0133853,-0.01140038,-134.62209,195.69193,1.3506474
Group E,-24.5,-6.86485,-3.91283,-0.010698852,-131.35562,197.58707,1.3926892
Group E,-24.000000000000004,-6.931179,-3.811319,-0.009976525,-128.06396,199.43002,1.4319848
Group E,-23.500000000000004,-6.9958186,-3.7088792,-0.0092348205,-124.74798,201.22057,1.4684657
Group E,-23.0,-7.0587564,-3.605537,-0.008475195,-121.408516,202.95854,1.5020683
Group E,-22.500000000000004,-7.119981,-3.5013196,-0.007699134,-118.04642,204.64374,1.5327345
Group E,-22.0,-7.1794806,-3.3962538,-0.006908154,-114.66252,206.27603,1.560411
Group E,-21.500000000000004,-7.2372446,-3.2903671,-0.006103797,-111.25766,207.85526,1.5850499
Group E,-21.000000000000004,-7.293262,-3.1836863,-0.005287626,-107.83267,209.38126,1.6066083
Group E,-20.5,-7.347523,-3.0762389,-0.0044612265,-104.388374,210.85394,1.6250492
Group E,-20.0,-7.400018,-2.9680521,-0.0036262013,-100.92558,212.27318,1.6403408
Group E,-19.500000000000004,-7.4507384,-2.8591533,-0.0027841674,-97.44513,213.63887,1.652457
Group E,-19.000000000000004,-7.499674,-2.7495697,-0.0019367544,-93.94782,214.95091,1.6613771
Group E,-18.5,-7.5468173,-2.639329,-0.0010856005,-90.434456,216.20923,1.6670862
Group E,-18.000000000000004,-7.59216,-2.5284586,-0.00023235008,-86.905846,217.41376,1.6695753
Group E,-17.5,-7.6356945,-2.416986,0.000621349,-83.36278,218.56442,1.6688424
Group E,-17.000000000000004,-7.677414,-2.3049388,0.0014738534,-79.806046,219.66118,1.6649072
Group E,-16.5,-7.7173114,-2.1923444,0.0023235336,-76.23644,220.70398,1.657803
Group E,-16.0,-7.75538,-2.0792308,0.003168779,-72.65475,221.69278,1.6475686
Group E,-15.500000000000002,-7.7916145,-1.9656253,0.004008,-69.06173,222.6276,1.6342478
Group E,-15.0,-7.826009,-1.8515556,0.00483963,-65.45817,223.50836,1.6178894
Group E,-14.500000000000002,-7.8585577,-1.7370492,0.00566213,-61.844826,224.3351,1.598547
Group E,-14.0,-7.889257,-1.622134,0.0064739883,-58.22247,225.10779,1.5762782
Group E,-13.500000000000002,-7.9181013,-1.5068375,0.0072737243,-54.591846,225.82646,1.5511452
Group E,-13.000000000000002,-7.9450874,-1.3911872,0.00805989,-50.953716,226.4911,1.5232141
Group E,-12.500000000000002,-7.970211,-1.2752109,0.008831073,-47.308823,227.10178,1.4925549
Group E,-12.000000000000002,-7.9934697,-1.1589361,0.009585895,-43.657906,227.65846,1.4592412
Group E,-11.5,-8.01486,-1.0423905,0.01032302,-40.0017,228.16124,1.4233496
Group E,-11.0,-8.034379,-0.92560154,0.0110411495,-36.340946,228.61014,1.3849605
Group E,-10.500000000000002,-8.052026,-0.8085968,0.011739028,-32.676365,229.0052,1.3441571
Group E,-10.0,-8.067798,-0.69140375,0.012415442,-29.00868,229.3465,1.3010254
Group E,-9.500000000000002,-8.081693,-0.57404995,0.013069224,-25.338614,229.6341,1.2556539
Group E,-9.000000000000002,-8.093711,-0.4565628,0.013699251,-21.666874,229.86804,1.2081337
Group E,-8.500000000000002,-8.103851,-0.33896968,0.014304449,-17.994175,230.04842,1.1585584
Group E,-8.0,-8.112114,-0.22129804,0.014883791,-14.32122,230.17532,1.1070236
Group E,-7.5,-8.118499,-0.10357514,0.015436301,-10.648712,230.24884,1.0536267
Group E,-7.0,-8.123005,0.01417171,0.015961051,-6.9773464,230.26906,0.99846715
Group E,-6.500000000000001,-8.125634,0.13191529,0.016457165,-3.3078177,230.23607,0.94164604
Group E,-6.000000000000001,-8.126389,0.24962842,0.016923819,0.35918522,230.14998,0.883266
Group E,-5.5,-8.125268,0.36728397,0.017360246,4.0229764,230.01091,0.82343096
Group E,-5.0,-8.122274,0.4848549,0.017765723,7.682874,229.81897,0.76224625
Group E,-4.500000000000001,-8.117411,0.6023142,0.018139593,11.3382,229.57426,0.69981843
Group E,-4.0,-8.11068,0.71963483,0.018481245,14.988277,229.27693,0.6362548
Group E,-3.5,-8.102083,0.8367901,0.018790126,18.632437,228.9271,0.57166374
Group E,-3.0000000000000004,-8.091625,0.953753,0.019065738,22.270006,228.52489,0.5061544
Group E,-2.5,-8.0793085,1.0704969,0.01930764,25.900324,228.07045,0.43983668
Group E,-2.0,-8.065138,1.186995,0.019515445,29.522724,227.56393,0.37282094
Group E,-1.5000000000000002,-8.049117,1.303221,0.019688828,33.136547,227.00546,0.305218
Group E,-1.0,-8.03125,1.419148,0.019827515,36.74114,226.39522,0.2371392
Group E,-0.5,-8.011543,1.5347499,0.019931292,40.33584,225.73335,0.16869596
Group E,0.0,-7.99,1.65,0.02,43.92,225.02,0.1
Group F,-25.000000000000004,-6.9263225,-3.5964265,0.0322208,-121.64737,193.53789,5.947324
Group F,-24.5,-6.9876585,-3.4970138,0.03523038,-118.24548,195.2722,5.821955
Group F,-24.000000000000004,-7.0472503,-3.3967278,0.03817333,-114.82234,196.95361,5.6868014
Group F,-23.500000000000004,-7.105086,-3.2955956,0.041044753,-111.37873,198.58203,5.542274
Group F,-23.0,-7.161155,-3.193644,0.043839965,-107.91543,200.15738,5.3887825
Group F,-22.500000000000004,-7.2154493,-3.0909007,0.04655448,-104.43318,201.67961,5.2267356
Group F,-22.0,-7.2679577,-2.9873924,0.049184036,-100.93276,203.14865,5.0565395
Group F,-21.500000000000004,-7.3186717,-2.8831468,0.051724557,-97.4149,204.56447,4.878598
Group F,-21.000000000000004,-7.3675823,-2.7781906,0.054172195,-93.88034,205.927,4.693311
Group F,-20.5,-7.4146814,-2.6725514,0.056523293,-90.32981,207.23622,4.501076
Group F,-20.0,-7.4599614,-2.5662563,0.058774397,-86.76403,208.49208,4.3022857
Group F,-19.500000000000004,-7.503414,-2.4593325,0.06092225,-83.18372,209.69456,4.0973287
Group F,-19.000000000000004,-7.545032,-2.3518076,0.062963806,-79.58959,210.84366,3.8865888
Group F,-18.5,-7.5848093,-2.2437088,0.0648962,-75.98233,211.93933,3.6704469
Group F,-18.000000000000004,-7.6227384,-2.1350632,0.06671677,-72.36264,212.98157,3.4492784
Group F,-17.5,-7.6588135,-2.0258985,0.06842303,-68.7312,213.97037,3.2234542
Group F,-17.000000000000004,-7.693029,-1.9162418,0.07001271,-65.08869,214.90573,2.9933414
Group F,-16.5,-7.725379,-1.8061204,0.0714837,-61.4358,215.78763,2.7593021
Group F,-16.0,-7.7558584,-1.6955618,0.07283408,-57.773182,216.61607,2.521695
Group F,-15.500000000000002,-7.784463,-1.5845932,0.074062124,-54.1015,217.39108,2.2808738
Group F,-15.0,-7.8111873,-1.4732419,0.07516628,-50.42142,218.11264,2.0371892
Group F,-14.500000000000002,-7.836028,-1.3615353,0.07614516,-46.73359,218.78076,1.7909883
Group F,-14.0,-7.858981,-1.2495008,0.07699758,-43.038654,219.39545,1.5426142
Group F,-13.500000000000002,-7.8800435,-1.1371655,0.0777225,-39.33726,219.95674,1.2924074
Group F,-13.000000000000002,-7.899211,-1.0245569,0.07831908,-35.630047,220.46463,1.0407053
Group F,-12.500000000000002,-7.916482,-0.9117022,0.07878665,-31.917646,220.91913,0.7878427
Group F,-12.000000000000002,-7.931853,-0.7986288,0.07912468,-28.200695,221.32025,0.5341522
Group F,-11.5,-7.9453225,-0.6853639,0.07933284,-24.479818,221.66803,0.27996424
Group F,-11.0,-7.956888,-0.5719348,0.07941098,-20.755646,221.9625,0.025607714
Group F,-10.500000000000002,-7.966549,-0.45836875,0.07935906,-17.028795,222.20363,-0.22859
Group F,-10.0,-7.9743037,-0.344693,0.079177275,-13.299893,222.3915,-0.48230264
Group F,-9.500000000000002,-7.9801507,-0.23093481,0.078865945,-9.569555,222.52608,-0.7352047
Group F,-9.000000000000002,-7.9840903,-0.11712143,0.078425564,-5.8384,222.60742,-0.9869712
Group F,-8.500000000000002,-7.9861217,-0.0032800501,0.0778568,-2.1070428,222.63556,-1.2372773
Group F,-8.0,-7.986245,0.110562116,0.077160485,1.6239007,222.6105,-1.4857981
Group F,-7.5,-7.9844613,0.22437787,0.07633761,5.353816,222.53227,-1.7322084
Group F,-7.0,-7.98077,0.33814004,0.07538935,9.082089,222.40091,-1.9761821
Group F,-6.500000000000001,-7.975173,0.45182145,0.074317016,12.808107,222.21645,-2.2173927
Group F,-6.000000000000001,-7.9676714,0.565395,0.073122114,16.531256,221.9789,-2.455512
Group F,-5.5,-7.958267,0.6788334,0.07180631,20.25092,221.6883,-2.6902106
Group F,-5.0,-7.9469614,0.7921098,0.07037144,23.966482,221.34467,-2.9211574
Group F,-4.500000000000001,-7.933757,0.9051968,0.0688195,27.677328,220.94806,-3.1480198
Group F,-4.0,-7.9186563,1.0180675,0.067152664,31.382841,220.49849,-3.3704627
Group F,-3.5,-7.9016623,1.1306947,0.06537329,35.082397,219.996,-3.5881493
Group F,-3.0000000000000004,-7.882778,1.2430516,0.06348388,38.77538,219.44063,-3.8007407
Group F,-2.5,-7.862007,1.3551109,0.061487142,42.46116,218.83241,-4.007895
Group F,-2.0,-7.8393536,1.4668456,0.059385933,46.13911,218.17139,-4.209269
Group F,-1.5000000000000002,-7.8148217,1.578229,0.057183307,49.808605,217.45758,-4.4045157
Group F,-1.0,-7.7884154,1.6892337,0.054882478,53.46901,216.69106,-4.5932875
Group F,-0.5,-7.76014,1.799833,0.052486848,57.119686,215.87184,-4.7752333
Group F,0.0,-7.73,1.91,0.05,60.76,215.0,-4.95
W75N,-25.000000000000004,-6.705449,-4.4404693,-0.029713146,-139.60829,194.26425,0.4508655
W75N,-24.5,-6.776046,-4.3406115,-0.029456176,-136.50258,196.28716,0.554027
W75N,-24.000000000000004,-6.845047,-4.239732,-0.029146718,-133.36832,198.26152,0.65611875
W75N,-23.500000000000004,-6.912439,-4.137855,-0.028785363,-130.2063,200.18703,0.7569738
W75N,-23.0,-6.9782066,-4.035006,-0.028372789,-127.0173,202.06335,0.856427
W75N,-22.500000000000004,-7.042337,-3.9312103,-0.02790975,-123.802086,203.89018,0.95431566
W75N,-22.0,-7.1048164,-3.826493,-0.02739709,-120.56143,205.66724,1.0504793
W75N,-21.500000000000004,-7.1656322,-3.72088,-0.02683573,-117.29611,207.39421,1.1447598
W75N,-21.000000000000004,-7.224773,-3.6143966,-0.026226675,-114.00691,209.07083,1.2370017
W75N,-20.5,-7.282225,-3.5070689,-0.025571005,-110.6946,210.69684,1.3270525
W75N,-20.0,-7.337978,-3.3989224,-0.024869878,-107.35996,212.272,1.4147623
W75N,-19.500000000000004,-7.3920197,-3.2899837,-0.024124531,-104.00377,213.79605,1.4999843
W75N,-19.000000000000004,-7.4443407,-3.180279,-0.02333627,-100.6268,215.26878,1.5825753
W75N,-18.5,-7.494929,-3.0698342,-0.022506481,-97.229836,216.68997,1.662395
W75N,-18.000000000000004,-7.5437756,-2.9586759,-0.02163661,-93.81366,218.0594,1.739307
W75N,-17.5,-7.5908704,-2.8468306,-0.020728184,-90.37904,219.37689,1.8131784
W75N,-17.000000000000004,-7.6362047,-2.7343247,-0.019782787,-86.926765,220.64226,1.8838804
W75N,-16.5,-7.679769,-2.6211853,-0.018802075,-83.457596,221.85532,1.9512879
W75N,-16.0,-7.721555,-2.5074391,-0.01778776,-79.97233,223.01591,2.0152807
W75N,-15.500000000000002,-7.761555,-2.3931127,-0.016741619,-76.471725,224.12389,2.0757422
W75N,-15.0,-7.7997613,-2.2782333,-0.015665488,-72.95657,225.17911,2.1325617
W75N,-14.500000000000002,-7.8361664,-2.1628277,-0.014561256,-69.427635,226.18143,2.185632
W75N,-14.0,-7.870764,-2.0469234,-0.013430867,-65.8857,227.13074,2.2348516
W75N,-13.500000000000002,-7.903547,-1.930547,-0.012276314,-62.331516,228.02693,2.2801244
W75N,-13.000000000000002,-7.9345093,-1.813726,-0.011099639,-58.76588,228.86989,2.3213599
W75N,-12.500000000000002,-7.9636455,-1.6964875,-0.009902929,-55.18955,229.65952,2.3584728
W75N,-12.000000000000002,-7.9909506,-1.578859,-0.008688311,-51.6033,230.39575,2.391384
W75N,-11.5,-8.016419,-1.4608675,-0.0074579543,-48.007896,231.0785,2.4200203
W75N,-11.0,-8.040048,-1.3425407,-0.0062140613,-44.404102,231.70772,2.4443157
W75N,-10.500000000000002,-8.0618305,-1.2239058,-0.0049588676,-40.79269,232.28334,2.4642096
W75N,-10.0,-8.081766,-1.1049904,-0.0036946374,-37.17442,232.80531,2.4796493
W75N,-9.500000000000002,-8.099849,-0.9858216,-0.0024236613,-33.550056,233.27362,2.4905884
W75N,-9.000000000000002,-8.116076,-0.8664272,-0.0011482505,-29.920357,233.68822,2.496988
W75N,-8.500000000000002,-8.130447,-0.74683446,0.00012926539,-26.286081,234.0491,2.4988174
W75N,-8.0,-8.14296,-0.6270709,0.0014065447,-22.64799,234.35626,2.4960644
W75N,-7.5,-8.153609,-0.50716406,0.0026812511,-19.006834,234.60968,2.4887617
W75N,-7.0,-8.162397,-0.38714135,0.0039510694,-15.363371,234.80939,2.4769552
W75N,-6.500000000000001,-8.169322,-0.26703027,0.0052137105,-11.71835,234.9554,2.4606988
W75N,-6.000000000000001,-8.174382,-0.14685822,0.0064669135,-8.072525,235.04773,2.4400527
W75N,-5.5,-8.177578,-0.026652683,0.007708451,-4.4266405,235.08641,2.415084
W75N,-5.0,-8.178909,0.09355893,0.00893613,-0.7814439,235.0715,2.3858654
W75N,-4.500000000000001,-8.178377,0.21374923,0.010147799,2.8623204,235.00305,2.3524768
W75N,-4.0,-8.175982,0.33389083,0.011341346,6.503911,234.8811,2.3150032
W75N,-3.5,-8.171726,0.45395643,0.012514706,10.142587,234.70575,2.2735343
W75N,-3.0000000000000004,-8.16561,0.5739187,0.013665858,13.777611,234.47705,2.228166
W75N,-2.5,-8.157637,0.69375044,0.014792835,17.408247,234.1951,2.1789987
W75N,-2.0,-8.147807,0.8134244,0.015893722,21.03376,233.85999,2.1261375
W75N,-1.5000000000000002,-8.136126,0.93291336,0.016966656,24.653421,233.4718,2.0696914
W75N,-1.0,-8.122595,1.0521903,0.018009834,28.2665,233.03067,2.0097744
W75N,-0.5,-8.107219,1.1712282,0.01902151,31.872267,232.53668,1.9465035
W75N,0.0,-8.09,1.29,0.02,35.47,231.99,1.88
DR21,-25.000000000000004,-6.7666726,-4.0002522,-0.09186671,-138.25697,187.94724,-1.6555196
DR21,-24.5,-6.836535,-3.9036555,-0.09263709,-134.98279,189.84966,-1.3574244
DR21,-24.000000000000004,-6.9047174,-3.8060994,-0.09325484,-131.68532,191.69978,-1.058607
DR21,-23.500000000000004,-6.9712076,-3.7076104,-0.09371969,-128.36539,193.49751,-0.75946534
DR21,-23.0,-7.035995,-3.6082156,-0.09403157,-125.02383,195.2428,-0.4603899
DR21,-22.500000000000004,-7.0990677,-3.5079417,-0.09419061,-121.66142,196.93558,-0.1617645
DR21,-22.0,-7.1604166,-3.4068158,-0.09419715,-118.278984,198.5758,0.13603343
DR21,-21.500000000000004,-7.2200303,-3.3048644,-0.0940517,-114.8773,200.16347,0.43263236
DR21,-21.000000000000004,-7.2778997,-3.2021146,-0.093754955,-111.45714,201.69853,0.7276662
DR21,-20.5,-7.334016,-3.0985932,-0.09330783,-108.01927,203.18095,1.0207741
DR21,-20.0,-7.38837,-2.9943275,-0.09271139,-104.56447,204.61075,1.3115996
DR21,-19.500000000000004,-7.440953,-2.889344,-0.09196689,-101.093475,205.98792,1.5997907
DR21,-19.000000000000004,-7.491757,-2.7836695,-0.09107576,-97.60704,207.31244,1.8849992
DR21,-18.5,-7.5407743,-2.6773314,-0.09003964,-94.105896,208.58435,2.1668801
DR21,-18.000000000000004,-7.587998,-2.5703564,-0.08886029,-90.590775,209.80363,2.4450917
DR21,-17.5,-7.633421,-2.4627712,-0.08753969,-87.0624,210.97035,2.7192955
DR21,-17.000000000000004,-7.677036,-2.3546028,-0.08607997,-83.52148,212.0845,2.9891543
DR21,-16.5,-7.7188373,-2.2458782,-0.08448344,-79.96871,213.14612,3.254334
DR21,-16.0,-7.758819,-2.136624,-0.08275257,-76.40481,214.15524,3.5145013
DR21,-15.500000000000002,-7.796976,-2.0268674,-0.080890015,-72.83045,215.11192,3.7693255
DR21,-15.0,-7.8333025,-1.916635,-0.078898594,-69.24633,216.0162,4.0184755
DR21,-14.500000000000002,-7.8677936,-1.8059535,-0.07678129,-65.65313,216.86813,4.261623
DR21,-14.0,-7.9004455,-1.6948497,-0.07454125,-62.05151,217.66776,4.498439
DR21,-13.500000000000002,-7.9312534,-1.5833504,-0.072181806,-58.442146,218.41515,4.7285953
DR21,-13.000000000000002,-7.9602137,-1.4714823,-0.06970644,-54.825695,219.11035,4.951765
DR21,-12.500000000000002,-7.9873233,-1.359272,-0.06711881,-51.202812,219.75343,5.1676207
DR21,-12.000000000000002,-8.012579,-1.2467462,-0.064422734,-47.574146,220.34447,5.3758354
DR21,-11.5,-8.035977,-1.1339314,-0.06162222,-43.940346,220.88351,5.576083
DR21,-11.0,-8.057516,-1.0208542,-0.058721412,-40.30205,221.37067,5.7680364
DR21,-10.500000000000002,-8.077194,-0.9075413,-0.055724636,-36.659893,221.80597,5.9513702
DR21,-10.0,-8.095008,-0.79401886,-0.05263638,-33.014503,222.18953,6.1257586
DR21,-9.500000000000002,-8.110958,-0.6803136,-0.049461313,-29.366514,222.52141,6.2908773
DR21,-9.000000000000002,-8.125042,-0.5664518,-0.046204247,-25.716541,222.8017,6.4464025
DR21,-8.500000000000002,-8.137259,-0.45245987,-0.042870175,-22.065208,223.03047,6.5920115
DR21,-8.0,-8.147608,-0.3383641,-0.039464246,-18.41313,223.20782,6.7273836
DR21,-7.5,-8.15609,-0.22419074,-0.03599178,-14.760919,223.33385,6.852201
DR21,-7.0,-8.162704,-0.10996605,-0.032458253,-11.109182,223.40863,6.9661484
DR21,-6.500000000000001,-8.167451,0.0042837923,-0.028869305,-7.458529,223.43227,7.0689135
DR21,-6.000000000000001,-8.170332,0.11853266,-0.025230732,-3.8095608,223.40483,7.160189
DR21,-5.5,-8.171348,0.23275447,-0.021548485,-0.16287906,223.32645,7.239673
DR21,-5.0,-8.1705,0.3469232,-0.017828673,3.4809177,223.1972,7.3070693
DR21,-4.500000000000001,-8.1677885,0.46101284,-0.01407755,7.121233,223.01718,7.362089
DR21,-4.0,-8.163217,0.5749975,-0.010301515,10.757473,222.78651,7.4044533
DR21,-3.5,-8.156788,0.68885124,-0.0065071117,14.389047,222.50528,7.4338913
DR21,-3.0000000000000004,-8.148502,0.8025482,-0.0027010147,18.015362,222.1736,7.450145
DR21,-2.5,-8.138364,0.9160628,0.0011099702,21.63583,221.79156,7.4529705
DR21,-2.0,-8.126376,1.0293691,0.0049189446,25.249866,221.35928,7.4423056
DR21,-1.5000000000000002,-8.112541,1.1424416,0.008719065,28.856884,220.87688,7.41839
DR21,-1.0,-8.096865,1.2552546,0.012503629,32.4563,220.34445,7.381504
DR21,-0.5,-8.0793495,1.3677826,0.016266076,36.04753,219.76213,7.33194
DR21,0.0,-8.06,1.48,0.02,39.63,219.13,7.27
DR20,-25.000000000000004,-6.926859,-3.9966948,-0.07000446,-130.75337,186.86862,-1.7382632
DR20,-24.5,-6.992893,-3.9006662,-0.070835106,-127.51418,188.70639,-1.5102719
DR20,-24.000000000000004,-7.0572653,-3.8037105,-0.0715488,-124.25283,190.49477,-1.280858
DR20,-23.500000000000004,-7.1199646,-3.705853,-0.07214487,-120.970024,192.23364,-1.0503438
DR20,-23.0,-7.1809797,-3.6071188,-0.072622865,-117.66646,193.92297,-0.8190462
DR20,-22.500000000000004,-7.2403007,-3.5075336,-0.072982445,-114.342834,195.56268,-0.58727866
DR20,-22.0,-7.2979164,-3.4071224,-0.07322346,-110.99982,197.1527,-0.3553498
DR20,-21.500000000000004,-7.3538184,-3.305911,-0.07334589,-107.63809,198.69296,-0.12356439
DR20,-21.000000000000004,-7.4079967,-3.203925,-0.0733499,-104.25832,200.18341,0.10777653
DR20,-20.5,-7.460442,-3.1011891,-0.073235795,-100.86118,201.62402,0.33837545
DR20,-20.0,-7.511146,-2.9977295,-0.073004015,-97.44732,203.01472,0.56793815
DR20,-19.500000000000004,-7.5601,-2.8935716,-0.07265518,-94.01737,204.35548,0.7961734
DR20,-19.000000000000004,-7.607296,-2.7887406,-0.07219003,-90.572,205.64627,1.0227929
DR20,-18.5,-7.6527267,-2.6832626,-0.071609475,-87.111824,206.88704,1.2475109
DR20,-18.000000000000004,-7.6963844,-2.5771627,-0.07091456,-83.63749,208.07777,1.470044
DR20,-17.5,-7.7382617,-2.470467,-0.07010646,-80.149605,209.21843,1.6901109
DR20,-17.000000000000004,-7.7783523,-2.3632007,-0.06918652,-76.64881,210.30899,1.9074323
DR20,-16.5,-7.8166494,-2.2553895,-0.06815622,-73.135704,211.34943,2.1217308
DR20,-16.0,-7.853147,-2.1470592,-0.06701716,-69.61091,212.33974,2.3327303
DR20,-15.500000000000002,-7.88784,-2.0382352,-0.06577111,-66.07502,213.27988,2.540156
DR20,-15.0,-7.920721,-1.9289432,-0.06441996,-62.528645,214.16985,2.7437348
DR20,-14.500000000000002,-7.951787,-1.8192091,-0.06296576,-58.972378,215.00964,2.9431944
DR20,-14.0,-7.9810314,-1.7090583,-0.061410666,-55.40682,215.79922,3.1382635
DR20,-13.500000000000002,-8.0084505,-1.5985166,-0.059757005,-51.832554,216.5386,3.328672
DR20,-13.000000000000002,-8.03404,-1.4876097,-0.058007225,-48.250168,217.22775,3.51415
DR20,-12.500000000000002,-8.057796,-1.3763632,-0.05616392,-44.660248,217.86668,3.6944287
DR20,-12.000000000000002,-8.079714,-1.2648028,-0.05422981,-41.063374,218.45537,3.8692405
DR20,-11.5,-8.099791,-1.1529543,-0.052207768,-37.46013,218.99382,4.038318
DR20,-11.0,-8.118024,-1.0408432,-0.05010079,-33.851086,219.48203,4.201395
DR20,-10.500000000000002,-8.13441,-0.9284954,-0.04791201,-30.236816,219.91997,4.358206
DR20,-10.0,-8.148947,-0.8159365,-0.0456447,-26.6179,220.30766,4.508486
DR20,-9.500000000000002,-8.161632,-0.7031922,-0.04330227,-22.994905,220.64511,4.6519723
DR20,-9.000000000000002,-8.172463,-0.5902881,-0.040888265,-19.3684,220.93228,4.788403
DR20,-8.500000000000002,-8.181439,-0.47725007,-0.03840635,-15.738958,221.1692,4.9175177
DR20,-8.0,-8.18856,-0.36410373,-0.035860337,-12.107145,221.35587,5.039058
DR20,-7.5,-8.193821,-0.2508748,-0.033254165,-8.47353,221.49228,5.152768
DR20,-7.0,-8.197225,-0.13758893,-0.030591905,-4.8386784,221.57841,5.2583947
DR20,-6.500000000000001,-8.19877,-0.024271881,-0.02787775,-1.2031593,221.6143,5.3556876
DR20,-6.000000000000001,-8.198456,0.08905067,-0.025116028,2.4324598,221.59995,5.4444
DR20,-5.5,-8.196282,0.20235303,-0.022311188,6.067611,221.53534,5.5242896
DR20,-5.0,-8.19225,0.3156095,-0.0194678,9.701726,221.42047,5.5951195
DR20,-4.500000000000001,-8.18636,0.42879438,-0.016590562,13.334235,221.25539,5.656658
DR20,-4.0,-8.178614,0.54188204,-0.013684277,16.96457,221.04005,5.7086797
DR20,-3.5,-8.169011,0.65484667,-0.010753872,20.592154,220.77449,5.750967
DR20,-3.0000000000000004,-8.157554,0.7676627,-0.007804375,24.216421,220.45871,5.7833104
DR20,-2.5,-8.144245,0.88030446,-0.0048409253,27.836792,220.09273,5.805509
DR20,-2.0,-8.129086,0.9927462,-0.0018687584,31.452692,219.67653,5.8173738
DR20,-1.5000000000000002,-8.112079,1.1049622,0.001106795,35.063545,219.21014,5.818728
DR20,-1.0,-8.093226,1.216927,0.0040803384,38.66877,218.69359,5.8095255
DR20,-0.5,-8.072533,1.3286148,0.007046504,42.26778,218.12688,5.789898
DR20,0.0,-8.05,1.44,0.01,45.86,217.51,5.76
IRAS20290+4052,-25.000000000000004,-6.677289,-4.111602,-0.08296663,-140.42305,185.16824,-1.5273457
IRAS20290+4052,-24.5,-6.748266,-4.0164094,-0.08367719,-137.1751,187.1346,-1.2515872
IRAS20290+4052,-24.000000000000004,-6.817576,-3.9202254,-0.084246516,-133.90271,189.04912,-0.9750524
IRAS20290+4052,-23.500000000000004,-6.885206,-3.8230753,-0.08467432,-130.60667,190.91168,-0.6981249
IRAS20290+4052,-23.0,-6.951145,-3.724986,-0.0849605,-127.28782,192.72221,-0.42118147
IRAS20290+4052,-22.500000000000004,-7.015382,-3.6259842,-0.08510513,-123.94693,194.48064,-0.14459296
IRAS20290+4052,-22.0,-7.077904,-3.5260968,-0.085108496,-120.58479,196.18687,0.1312756
IRAS20290+4052,-21.500000000000004,-7.138702,-3.42535,-0.084971055,-117.202194,197.84087,0.40606454
IRAS20290+4052,-21.000000000000004,-7.197765,-3.323771,-0.084693454,-113.7999,199.44257,0.6794192
IRAS20290+4052,-20.5,-7.2550836,-3.2213862,-0.084276505,-110.37867,200.99193,0.95098984
IRAS20290+4052,-20.0,-7.310648,-3.1182225,-0.08372122,-106.93926,202.4889,1.2204307
IRAS20290+4052,-19.500000000000004,-7.364449,-3.0143068,-0.08302878,-103.48242,203.93349,1.4874005
IRAS20290+4052,-19.000000000000004,-7.416478,-2.9096658,-0.08220052,-100.00889,205.32564,1.7515613
IRAS20290+4052,-18.5,-7.466727,-2.8043263,-0.081237964,-96.519394,206.66534,2.0125785
IRAS20290+4052,-18.000000000000004,-7.5151873,-2.698315,-0.08014282,-93.014656,207.95259,2.270121
IRAS20290+4052,-17.5,-7.5618515,-2.591659,-0.07891693,-89.4954,209.18738,2.52386
IRAS20290+4052,-17.000000000000004,-7.606713,-2.484385,-0.07756233,-85.962326,210.3697,2.7734694
IRAS20290+4052,-16.5,-7.6497645,-2.3765197,-0.07608122,-82.41614,211.49957,3.0186253
IRAS20290+4052,-16.0,-7.690999,-2.2680902,-0.07447595,-78.85754,212.577,3.2590058
IRAS20290+4052,-15.500000000000002,-7.730411,-2.1591232,-0.072749056,-75.28722,213.60197,3.4942906
IRAS20290+4052,-15.0,-7.7679944,-2.0496454,-0.07090321,-71.70584,214.57455,3.7241611
IRAS20290+4052,-14.500000000000002,-7.803744,-1.9396836,-0.06894128,-68.114105,215.49474,3.9483004
IRAS20290+4052,-14.0,-7.837654,-1.8292646,-0.066866264,-64.51268,216.36253,4.1663923
IRAS20290+4052,-13.500000000000002,-7.8697205,-1.7184154,-0.06468134,-60.90222,217.17801,4.3781223
IRAS20290+4052,-13.000000000000002,-7.8999386,-1.6071625,-0.062389832,-57.283398,217.94116,4.5831766
IRAS20290+4052,-12.500000000000002,-7.9283037,-1.4955328,-0.059995245,-53.65686,218.65205,4.781243
IRAS20290+4052,-12.000000000000002,-7.954813,-1.3835528,-0.057501227,-50.023266,219.31071,4.9720087
IRAS20290+4052,-11.5,-7.979462,-1.2712494,-0.054911595,-46.38326,219.91718,5.1551647
IRAS20290+4052,-11.0,-8.002249,-1.1586492,-0.052230317,-42.73748,220.4715,5.330401
IRAS20290+4052,-10.500000000000002,-8.0231695,-1.0457789,-0.049461517,-39.08657,220.97372,5.49741
IRAS20290+4052,-10.0,-8.042222,-0.93266505,-0.04660949,-35.431164,221.42389,5.6558847
IRAS20290+4052,-9.500000000000002,-8.059404,-0.8193343,-0.04367867,-31.77189,221.82205,5.805522
IRAS20290+4052,-9.000000000000002,-8.074716,-0.7058133,-0.04067366,-28.109375,222.16827,5.946018
IRAS20290+4052,-8.500000000000002,-8.088152,-0.59212846,-0.037599202,-24.444246,222.4626,6.0770745
IRAS20290+4052,-8.0,-8.099714,-0.47830638,-0.034460206,-20.777122,222.7051,6.1983933
IRAS20290+4052,-7.5,-8.109401,-0.36437353,-0.031261723,-17.108622,222.89581,6.3096824
IRAS20290+4052,-7.0,-8.117211,-0.2503564,-0.02800896,-13.439362,223.03482,6.4106526
IRAS20290+4052,-6.500000000000001,-8.123146,-0.1362814,-0.024707263,-9.769955,223.1222,6.50102
IRAS20290+4052,-6.000000000000001,-8.127204,-0.022174913,-0.021362128,-6.1010113,223.15797,6.580506
IRAS20290+4052,-5.5,-8.129385,0.0919367,-0.017979186,-2.433141,223.14223,6.648839
IRAS20290+4052,-5.0,-8.129692,0.2060271,-0.01456421,1.2330488,223.07504,6.7057557
IRAS20290+4052,-4.500000000000001,-8.128125,0.32007003,-0.011123102,4.896953,222.95648,6.751
IRAS20290+4052,-4.0,-8.124684,0.4340392,-0.0076618954,8.557967,222.78662,6.784327
IRAS20290+4052,-3.5,-8.119373,0.5479084,-0.004186744,12.215489,222.56552,6.805503
IRAS20290+4052,-3.0000000000000004,-8.112192,0.66165143,-0.00070391834,15.868918,222.29327,6.8143053
IRAS20290+4052,-2.5,-8.103145,0.77524227,0.002780204,19.517654,221.96996,6.810562
IRAS20290+4052,-2.0,-8.092232,0.88865465,0.0062592207,23.161097,221.59563,6.794374
IRAS20290+4052,-1.5000000000000002,-8.079458,1.0018626,0.009726827,26.798649,221.1704,6.7659736
IRAS20290+4052,-1.0,-8.064826,1.1148401,0.01317684,30.429714,220.69432,6.725605
IRAS20290+4052,-0.5,-8.048339,1.2275612,0.016603205,34.053696,220.1675,6.6735253
IRAS20290+4052,0.0,-8.03,1.34,0.02,37.67,219.59,6.61
Sun,-25.000000000000004,-6.3327456,-5.6796365,-0.102361396,-152.71696,181.23917,-1.7679964
Sun,-24.5,-6.41017,-5.586365,-0.103197314,-150.09744,183.55507,-1.5010673
Sun,-24.000000000000004,-6.4862466,-5.4919186,-0.10389624,-147.444,185.83444,-1.2322383
Sun,-23.500000000000004,-6.560958,-5.3963156,-0.10445727,-144.75706,188.07675,-0.96178883
Sun,-23.0,-6.6342864,-5.299576,-0.10487964,-142.03712,190.2815,-0.6899988
Sun,-22.500000000000004,-6.7062154,-5.201719,-0.105162755,-139.28462,192.44818,-0.41714916
Sun,-22.0,-6.776729,-5.102763,-0.10530613,-136.50006,194.57631,-0.1435217
Sun,-21.500000000000004,-6.845811,-5.0027294,-0.10530945,-133.6839,196.6654,0.13060048
Sun,-21.000000000000004,-6.9134445,-4.901637,-0.10517253,-130.83662,198.71495,0.40493277
Sun,-20.5,-6.9796143,-4.7995076,-0.10489533,-127.95875,200.72449,0.6791889
Sun,-20.0,-7.0443044,-4.69636,-0.10447798,-125.05078,202.69353,0.9530807
Sun,-19.500000000000004,-7.1075,-4.592217,-0.10392071,-122.11322,204.6216,1.2263179
Sun,-19.000000000000004,-7.1691866,-4.4870977,-0.103223965,-119.1466,206.50822,1.4986076
Sun,-18.5,-7.229348,-4.381025,-0.10238828,-116.15144,208.35295,1.7696549
Sun,-18.000000000000004,-7.2879715,-4.2740197,-0.101414375,-113.128296,210.1553,2.0391614
Sun,-17.5,-7.3450418,-4.1661034,-0.10030311,-110.0777,211.91484,2.3068264
Sun,-17.000000000000004,-7.400545,-4.0572987,-0.099055514,-107.000206,213.63112,2.5723453
Sun,-16.5,-7.454468,-3.9476273,-0.09767276,-103.89638,215.30367,2.835411
Sun,-16.0,-7.506797,-3.837112,-0.09615617,-100.7668,216.93207,3.095712
Sun,-15.500000000000002,-7.557519,-3.7257752,-0.094507255,-97.612045,218.51587,3.3529336
Sun,-15.0,-7.6066217,-3.6136403,-0.09272765,-94.43269,220.05466,3.606757
Sun,-14.500000000000002,-7.654093,-3.5007298,-0.0908192,-91.229355,221.54802,3.8568592
Sun,-14.0,-7.6999197,-3.3870676,-0.08878388,-88.00263,222.99551,4.1029134
Sun,-13.500000000000002,-7.7440906,-3.272677,-0.08662384,-84.75314,224.39676,4.3445883
Sun,-13.000000000000002,-7.786594,-3.1575818,-0.084341414,-81.48151,225.75133,4.581548
Sun,-12.500000000000002,-7.8274193,-3.041806,-0.08193909,-78.188354,227.05882,4.8134527
Sun,-12.000000000000002,-7.8665547,-2.9253736,-0.079419546,-74.87434,228.31888,5.039958
Sun,-11.5,-7.9039907,-2.808309,-0.07678563,-71.5401,229.5311,5.260714
Sun,-11.0,-7.939717,-2.6906369,-0.074040376,-68.186295,230.69511,5.4753675
Sun,-10.500000000000002,-7.9737225,-2.572382,-0.07118699,-64.81361,231.81056,5.683561
Sun,-10.0,-8.006,-2.4535692,-0.06822888,-61.4227,232.87706,5.8849316
Sun,-9.500000000000002,-8.036537,-2.3342237,-0.06516961,-58.014267,233.89427,6.079113
Sun,-9.000000000000002,-8.065329,-2.2143707,-0.06201297,-54.589,234.86188,6.2657356
Sun,-8.500000000000002,-8.092363,-2.0940356,-0.058762908,-51.147606,235.77951,6.4444246
Sun,-8.0,-8.117635,-1.9732442,-0.05542358,-47.690796,236.64685,6.6148033
Sun,-7.5,-8.141135,-1.852022,-0.051999334,-44.219296,237.46361,6.776491
Sun,-7.0,-8.162856,-1.7303953,-0.04849471,-40.73383,238.22945,6.9291053
Sun,-6.500000000000001,-8.182792,-1.6083901,-0.04491445,-37.23514,238.94409,7.072262
Sun,-6.000000000000001,-8.200935,-1.4860325,-0.041263483,-33.723976,239.60724,7.2055745
Sun,-5.5,-8.21728,-1.3633491,-0.037546948,-30.201088,240.21863,7.3286576
Sun,-5.0,-8.231821,-1.2403663,-0.03377017,-26.667248,240.778,7.441125
Sun,-4.500000000000001,-8.244552,-1.1171108,-0.029938675,-23.123222,241.28508,7.5425925
Sun,-4.0,-8.255467,-0.99360955,-0.02605819,-19.569796,241.73964,7.6326785
Sun,-3.5,-8.2645645,-0.86988926,-0.02213463,-16.007753,242.14143,7.7110043
Sun,-3.0000000000000004,-8.271837,-0.74597704,-0.018174103,-12.437892,242.49026,7.777197
Sun,-2.5,-8.277284,-0.6219,-0.014182908,-8.861016,242.7859,7.83089
Sun,-2.0,-8.280899,-0.49768546,-0.01016753,-5.2779346,243.02817,7.871725
Sun,-1.5000000000000002,-8.2826805,-0.3733607,-0.006134632,-1.6894652,243.21687,7.899354
Sun,-1.0,-8.282626,-0.2489532,-0.0020910548,1.9035681,243.35185,7.9134398
Sun,-0.5,-8.280733,-0.124490425,0.0019561946,5.500335,243.43294,7.913671
Sun,0.0,-8.277,0.0,0.006,9.1,243.46,7.9
LSR,-25.000000000000004,-6.0698175,-5.4574637,-0.003125101,-165.25575,171.59698,0.41928938
LSR,-24.5,-6.1536245,-5.3690953,-0.0029079078,-162.5222,174.01816,0.43005714
LSR,-24.000000000000004,-6.2360253,-5.2795,-0.0026854104,-159.7543,176.3971,0.44003263
LSR,-23.500000000000004,-6.317002,-5.188699,-0.002458018,-156.95273,178.73338,0.44919914
LSR,-23.0,-6.3965373,-5.096714,-0.0022261485,-154.11815,181.02661,0.45754138
LSR,-22.500000000000004,-6.474615,-5.0035677,-0.0019902268,-151.2512,183.27637,0.4650455
LSR,-22.0,-6.551219,-4.909282,-0.0017506846,-148.35262,185.48224,0.4716992
LSR,-21.500000000000004,-6.6263323,-4.81388,-0.0015079599,-145.42303,187.64386,0.4774916
LSR,-21.000000000000004,-6.6999397,-4.717384,-0.0012624955,-142.46313,189.76085,0.48241332
LSR,-20.5,-6.7720265,-4.6198163,-0.0010147386,-139.4736,191.83286,0.4864566
LSR,-20.0,-6.8425765,-4.521201,-0.0007651401,-136.45514,193.8595,0.48961514
LSR,-19.500000000000004,-6.9115763,-4.4215612,-0.0005141537,-133.40842,195.84044,0.49188423
LSR,-19.000000000000004,-6.9790106,-4.32092,-0.00026223512,-130.33414,197.77534,0.49326065
LSR,-18.5,-7.044866,-4.2193017,-9.841329e-06,-127.23296,199.66388,0.4937426
LSR,-18.000000000000004,-7.1091294,-4.116729,0.00024257023,-124.105606,201.50575,0.4933305
LSR,-17.5,-7.1717863,-4.0132265,0.0004945432,-120.95276,203.30063,0.49202782
LSR,-17.000000000000004,-7.2328253,-3.9088185,0.00074562326,-117.775116,205.04823,0.48983955
LSR,-16.5,-7.2922325,-3.803529,0.0009953593,-114.57338,206.74826,0.4867722
LSR,-16.0,-7.349997,-3.6973822,0.0012433038,-111.34823,208.40044,0.48283392
LSR,-15.500000000000002,-7.4061065,-3.590403,0.0014890137,-108.10038,210.0045,0.47803426
LSR,-15.0,-7.4605494,-3.482616,0.0017320513,-104.830536,211.56018,0.4723842
LSR,-14.500000000000002,-7.5133142,-3.3740456,0.001971985,-101.53938,213.06723,0.46589622
LSR,-14.0,-7.5643916,-3.2647173,0.0022083896,-98.22764,214.5254,0.45858404
LSR,-13.500000000000002,-7.61377,-3.1546557,0.0024408477,-94.895996,215.93448,0.45046273
LSR,-13.000000000000002,-7.6614394,-3.0438864,0.0026689493,-91.545166,217.29422,0.4415487
LSR,-12.500000000000002,-7.7073913,-2.9324343,0.0028922937,-88.17585,218.60442,0.43185955
LSR,-12.000000000000002,-7.7516155,-2.820325,0.0031104893,-84.78876,219.86485,0.42141414
LSR,-11.5,-7.794103,-2.707584,0.0033231545,-81.38459,221.07535,0.41023242
LSR,-11.0,-7.8348455,-2.5942366,0.0035299181,-77.964066,222.23569,0.39833564
LSR,-10.500000000000002,-7.8738356,-2.4803088,0.00373042,-74.527885,223.34572,0.38574594
LSR,-10.0,-7.911064,-2.3658261,0.003924312,-71.07675,224.40526,0.37248668
LSR,-9.500000000000002,-7.946524,-2.250815,0.004111258,-67.61139,225.41414,0.35858217
LSR,-9.000000000000002,-7.980209,-2.1353006,0.0042909333,-64.13249,226.37221,0.34405765
LSR,-8.500000000000002,-8.012111,-2.0193095,0.004463029,-60.64078,227.27931,0.32893935
LSR,-8.0,-8.042225,-1.9028674,0.004627248,-57.136963,228.13531,0.31325436
LSR,-7.5,-8.070544,-1.7860008,0.004783307,-53.621746,228.9401,0.29703054
LSR,-7.0,-8.097063,-1.6687359,0.0049309386,-50.095844,229.69353,0.2802966
LSR,-6.500000000000001,-8.121776,-1.5510987,0.0050698887,-46.55997,230.39548,0.26308197
LSR,-6.000000000000001,-8.144679,-1.4331158,0.0051999195,-43.01483,231.04587,0.2454168
LSR,-5.5,-8.165767,-1.3148136,0.0053208084,-39.461143,231.64458,0.22733185
LSR,-5.0,-8.185035,-1.1962184,0.0054323487,-35.899616,232.19153,0.20885848
LSR,-4.500000000000001,-8.20248,-1.0773568,0.00553435,-32.330963,232.68665,0.19002865
LSR,-4.0,-8.2181,-0.95825523,0.0056266384,-28.755898,233.12984,0.17087477
LSR,-3.5,-8.231889,-0.8389404,0.0057090567,-25.175129,233.52104,0.15142977
LSR,-3.0000000000000004,-8.243845,-0.7194388,0.005781464,-21.589373,233.8602,0.13172692
LSR,-2.5,-8.253967,-0.59977704,0.0058437376,-17.999342,234.14728,0.111799896
LSR,-2.0,-8.262253,-0.47998184,0.005895771,-14.405747,234.38222,0.091682695
LSR,-1.5000000000000002,-8.2687,-0.36007985,0.005937476,-10.809302,234.56497,0.07140955
LSR,-1.0,-8.273308,-0.24009775,0.0059687817,-7.210721,234.69554,0.051014945
LSR,-0.5,-8.276074,-0.12006223,0.005989635,-3.6107159,234.77388,0.030533507
LSR,0.0,-8.277,0.0,0.006,-0.01,234.8,0.01
